{
  "type": "ItemTurret",
  "name": "rocket-launcher",
  "description": "Дальнобойная турель, стреляющая ракетами",
  "size": 3,
  "health": 1300,
  "range": 270,
  "reload": 120,
  "shots": 1,
  "inaccuracy": 2,
  "rotateSpeed": 2,
  "shootSound": "missile",
  "requirements": [
    { "item": "lead", "amount": 200 },
    { "item": "titanium", "amount": 150 },
    { "item": "silicon", "amount": 100 }
  ],
  "ammoTypes": {
    "rocket": {
      "type": "missileBulletType",
      "speed": 5,
      "damage": 1800,
      "splashDamage": 2000,
      "splashRadius": 100,
      "lifeTime": 500
      "width": 8,
      "height": 20,
      "ammoMultiplier": 1
    }
  },
  "category": "turret",
  "research": {
   "parent": "swarmer",
   "requirements": [
    {"item": "titanium", "amount": 800},
    {"item": "lead", "amount": 1400},
    {"item": "silicon", "amount": 600}
   ]
  }
}
