{
  "name": "furt",
  "research": {
    "parent": "terra reconstructor",
    "requirements": [
      "adamantit/500",
      "lead/700"
    ]
  },
  "type": "mech",
  "lightRadius": 200,
  "armor": 2,
  "rotateSpeed": 2.4,
  "canDrown": false,
  "hitSize": 14,
  "legs": [
   "type" "legs"
   "mechFrontSway" 0.3,
   "mechSideSway" 0.35,
   "mechStepParticles" true,
   "mechStepShake" 0  
  ],
  "singleTarget": true,
  "speed": 0.7,
  "health": 660,
  "range": 40,
  "weapons": [
    {
      "name": "handed gun",
      "top": false,
      "reload": 10,
      "alternate": true,
      "rotateSpeed": 0,
      "rotate": false,
      "recoil": 1,
      "under": true,
      "layerOffset": -0.001,
      "shootY": 10,
      "shake": 0,
      "rotationLimit": 0,
      "shootSound": "shoot",
      "bullet": {
        "type": "BasicBulletType",
        "colors": [
          "ec7458aa",
          "ec7458ff",
          "ff9c5a",
          "ffffffff"
        ],
        "damage": 15,
        "speed": 6,
        "width": 9,
        "drawSize": 350,
        "lifetime": 50
      }
     }
  ]
}
