{
  "name": "rainmorf",
  "research": {
    "parent": "mijey reconstructor",
    "requirements": [
      "adamantit/1700",
      "lead/3000",
      "thorium/800"
    ]
  },
  "type": "mech",
  "lightRadius": 700,
  "armor": 15,
  "rotateSpeed": 1.4,
  "canDrown": false,
  "hitSize": 23,
  "legs": [
   "type" "legs"
   "mechFrontSway" 0.6,
   "mechSideSway" 0.7,
   "mechStepParticles" true,
   "mechStepShake" 0.4  
  ],
  "singleTarget": false,
  "speed": 0.6,
  "health": 8050,
  "range": 90,
  "weapons": [
    {
      "name": "much gun",
      "reload": 3,
      "alternate": false,
      "mirror": false,
      "top": false,
      "x": 0,
      "y": 0,
      "rotate": true,
      "rotateSpeed": 1,
      "recoil": 1,
      "shootY": 5,
      "xRand": 5.5,
      "layerOffset": 1,
      "inaccuracy": 1,
      "shake": 0.04,
      "shootSound": "flame",
      "ejectEffect": "none",
      "bullet": {
        "type": "BasicBulletType",
        "damage": 35,
        "height": 14,
        "width": 12,
        "speed": 7,
        "lifetime": 17,
        "lightning": 3,
        "lightningDamage": 6,
        "lightningLength": 3,
        "lightningCone": 20,
        "lightningLengthRand": 5,
        "trailColor": "3698FF",
        "trailLength": 20,
        "trailWidth": 3.5,
        "absorbable": false,
        "lightColor": "3698FF"
        "frontColor": "3678FF",
        "backColor": "3648FF"
      }
    },
    {
      "name": "mini gun",
      "mirror": false,
      "alternate": true,
      "x": 10,
      "y": 5,
      "rotateSpeed": 5,
      "inaccuracy": 3,
      "rotate": true,
      "reload": 20,
      "recoil": 1.5,
      "shootSound": "bang",
      "bullet": {
        "type": "BasicBulletType",
        "shootEffect": "blastExplosion",
        "damage": 100,
        "speed": 6,
        "lifetime": 50
      }
    },
    {
      "name": "mind gun",
      "mirror": false,
      "alternate": false,
      "x": -10,
      "y": 5,
      "rotateSpeed": 5,
      "inaccuracy": 3,
      "rotate": true,
      "reload": 20,
      "recoil": 1.5,
      "shootSound": "bang",
      "bullet": {
        "type": "BasicBulletType",
        "shootEffect": "blastExplosion",
        "damage": 100,
        "speed": 6,
        "lifetime": 50
      }
    },
   {
      "name": "mini gun",
      "mirror": false,
      "alternate": true,
      "x": 10,
      "y": -5,
      "rotateSpeed": 5,
      "inaccuracy": 3,
      "rotate": true,
      "reload": 20,
      "recoil": 1.5,
      "shootSound": "bang",
      "bullet": {
        "type": "BasicBulletType",
        "shootEffect": "blastExplosion",
        "damage": 100,
        "speed": 6,
        "lifetime": 50
      }
    },
   {
      "name": "mind gun",
      "mirror": false,
      "alternate": false,
      "x": -10,
      "y": -5,
      "rotateSpeed": 5,
      "inaccuracy": 3,
      "rotate": true,
      "reload": 20,
      "recoil": 1.5,
      "shootSound": "bang",
      "bullet": {
        "type": "BasicBulletType",
        "shootEffect": "blastExplosion",
        "damage": 100,
        "speed": 6,
        "lifetime": 50
      }
    }
  ]
}
