{
  "name": "destrol",
  "research": {
    "parent": "scadfeyde reconstructor",
    "requirements": [
      "adamantit/5000",
      "lead/8000",
      "thorium/4000",
      "titanium/9000"
    ]
  },
  "type": "mech",
  "lightRadius": 700,
  "armor": 37,
  "rotateSpeed": 1.2,
  "canDrown": false,
  "hitSize": 30,
  "legs": [
   "type" "legs"
   "mechFrontSway" 1,
   "mechSideSway" 1.1,
   "mechStepParticles" true,
   "mechStepShake" 1.4  
  ],
  "singleTarget": false,
  "speed": 0.5,
  "health": 20000,
  "range": 100,
  "weapons": [
    {
      "name": "muched gun",
      "reload": 1,
      "alternate": false,
      "mirror": false,
      "top": false,
      "x": 0,
      "y": 0,
      "rotate": false,
      "rotateSpeed": 0,
      "recoil": 0,
      "shootY": 15,
      "xRand": 1,
      "layerOffset": 1,
      "inaccuracy": 5,
      "shake": 0.6,
      "shootSound": "laser",
      "ejectEffect": "none",
      "bullet": {
        "type": "BasicBulletType",
        "damage": 250,
        "height": 16,
        "width": 13,
        "speed": 9,
        "lifetime": 50,
        "trailColor": "3698FF",
        "trailLength": 0,
        "trailWidth": 0,
        "absorbable": false,
        "lightColor": "E52A00",
        "frontColor": "E52A00",
        "backColor": "E52A00"
      }
    },
    {
      "name": "mini gun",
      "mirror": false,
      "alternate": true,
      "x": 10,
      "y": 2,
      "rotateSpeed": 5,
      "inaccuracy": 3,
      "rotate": true,
      "reload": 20,
      "recoil": 1.5,
      "shootSound": "bang",
      "bullet": {
        "type": "BasicBulletType",
        "shootEffect": "blastExplosion",
        "hitEffect": {
          "type": "ParticleEffect",
          "line": true,
          "particles": 10,
          "lifetime": 20,
          "length": 20,
          "width": 200,
          "cone": 360,
          "lenFrom": 10,
          "lenTo": 6,
          "colorFrom": "FFFFFFF",
          "colorTo": "F3E979FF"
        },
        "damage": 120,
        "speed": 6,
        "lifetime": 50
      }
    },
    {
      "name": "mind gun",
      "mirror": false,
      "alternate": false,
      "x": -10,
      "y": 2,
      "rotateSpeed": 5,
      "inaccuracy": 3,
      "rotate": true,
      "reload": 20,
      "recoil": 1.5,
      "shootSound": "bang",
      "bullet": {
        "type": "BasicBulletType",
        "shootEffect": "blastExplosion",
        "hitEffect": {
          "type": "ParticleEffect",
          "line": true,
          "particles": 10,
          "lifetime": 20,
          "length": 20,
          "width": 200,
          "cone": 360,
          "lenFrom": 10,
          "lenTo": 6,
          "colorFrom": "FFFFFFF",
          "colorTo": "F3E979FF"
        },   
        "size": 10,
        "damage": 120,
        "speed": 6,
        "lifetime": 50
      }
    },
    {
      "name": "bomb gun",
      "mirror": true,
      "alternate": false,
      "x": 0,
      "y": -4,
      "rotateSpeed": 3,
      "inaccuracy": 0,
      "rotate": true,
      "reload": 60,
      "recoil": 6,
      "shootSound": "missile",
      "bullet": {
        "type": "MissileBulletType",
        "shootEffect": "blastExplosion",
        "hitEffect": {
          "type": "ParticleEffect",
          "line": true,
          "particles": 30,
          "lifetime": 50,
          "length": 100,
          "width": 200,
          "cone": 360,
          "lenFrom": 60,
          "lenTo": 20,
          "colorFrom": "FFFFFFF",
          "colorTo": "F3E979FF"
        },
        "height": 30,
        "width": 25,
        "bulletSize": 4
        "damage": 3000,
        "speed": 3,
        "lifetime": 170
      }
    },
  ]
}
