{
  "name": "firarer",
  "research": {
    "parent": "costructor terra",
    "requirements": [
      "adamantit/300",
    ]
  },
  "type": "mech",
  "lightRadius": 200,
  "armor": 1,
  "rotateSpeed": 3,
  "canDrown": false,
  "hitSize": 9,
  "legs": [
   "type" "legs"
   "mechFrontSway" 0.2,
   "mechSideSway" 0.2,
   "mechStepParticles" true,
   "mechStepShake" 0  
  ],
  "singleTarget": true,
  "speed": 0.9,
  "health": 130,
  "range": 30,
  "weapons": [
    {
      "name": "hand gun",
      "top": false,
      "reload": 20,
      "alternate": true,
      "rotateSpeed": 0,
      "rotate": false,
      "recoil": 2,
      "under": true,
      "layerOffset": -0.001,
      "shootY": 0,
      "shake": 0,
      "rotationLimit": 0,
      "shootSound": "shoot",
      "bullet": {
        "type": "BasicBulletType",
        "colors": [
          "ec7458aa",
          "ec7458ff",
          "ff9c5a",
          "ffffffff"
        ],
        "damage": 20,
        "speed": 5,
        "width": 9,
        "drawSize": 350,
        "lifetime": 40
      }
     }
  ]
}