{
  "name": "treneda",
  "research": {
    "parent": "peta reconstructor",
    "requirements": [
      "adamantit/900",
      "lead/1200",
      "thorium/400"
    ]
  },
  "type": "mech",
  "lightRadius": 200,
  "armor": 4,
  "rotateSpeed": 2,
  "canDrown": false,
  "hitSize": 17,
  "legs": [
   "type" "legs"
   "mechFrontSway" 0.35,
   "mechSideSway" 0.4,
   "mechStepParticles" true,
   "mechStepShake" 0.1  
  ],
  "singleTarget": false,
  "speed": 0.3,
  "health": 1400,
  "range": 60,
  "weapons": [
    {
      "name": "artel gun",
      "mirror": false,
      "top": true,
      "reload": 80,
      "alternate": true,
      "rotateSpeed": 1,
      "rotate": true,
      "recoil": 6,
      "under": true,
      "layerOffset": 1,
      "shootY": 10,
      "y": 0,
      "x": 0,
      "shake": 0.1,
      "rotationLimit": 360,
      "shootSound": "laser",
      "bullet": {
        "type": "BasicBulletType",
        "color": "3698FF",
        "size": 2,
        "damage": 180,
        "speed": 5,
        "width": 9,
        "drawSize": 500,
        "lifetime": 70
      }
     }
  ]
}
