{
  "type": "GenericCrafter",
  "name": "adamantit reactor",
  "description": "создаёт адамантит при ультра высоком давлении из титана и плазмы",
  "requirements": [
    { "item": "titanium", "amount": 100 },
    { "item": "graphite", "amount": 50 },
    { "item": "silicon", "amount": 120 }
  ],
  "size": 3,
  "health": 630,
  "craftTime": 70,
  "craftEffect": "mine",
  "consumes": {
      "power": 5.0,
    "items": [
      {
        "item": "titanium",
        "amount": 2
      },
      {
        "item": "plasma",
        "amount": 3
      }
    ]
  },
  "outputItem": {
   "item": "adamantit", "amount": 2
  },
  "category": "crafting",
  "research": {
   "parent": "plasma mixer"
  }
  }

    
