{
    "name": "terra constructor",
    "description": "constructor, who create lokomotive t1",
    "type": "unitFactory",
    "hasPower": true
    "hasItem": true
    "requirements": [
     {"item": "copper", "amount": 140},
     {"item": "titanium", "amount": 50},
     {"item": "lead", "amount": 90}
    ],
    "size": 2,
    "health": 500,
    "buildSpeed": 1,
    "plans": [
     {
      "unit": "lokomotive t1",
      "time": 180,
      "requirements": [
       {"item": "adamantit", "amount": 5}
      ],
     }
    ],
    "consumes": {
      "power": 3
    },
    "category": "units",
    "research": {
     "parent": "ground-factory",
     "requirements": [
      {"item": "silicon", "amount": 400},
      {"item": "copper", "amount": 1300},
      {"item": "titanium", "amount": 500},
      {"item": "lead", "amount": 800}
     ]
    }
}

