{
  "type": "reconstructor",
  "name": "mijey reconstructor",
  "health": 1900,
  "hasPower": true,
  "hasItem": true,
  "size": 5,
  "requirements": [
    { "item": "lead", "amount": 500 },
    { "item": "titanium", "amount": 450 },
    { "item": "adamantit", "amount": 200 },
    { "item": "thorium", "amount": 400 },
    { "item": "silicon", "amount": 200 }
  ],
  "consumes": {
    "power": 15,
   "items": [
    {"item": "titanium", "amount": 150},
    {"item": "adamantit", "amount": 50},
    {"item": "coal", "amount": 800}
   ]
  },
  "upgrades": [
    ["lokomotive t3", "lokomotive t4"]
  ],
  "constructTime": 3400,
  "category": "units",
  "research": {
    "parent": "peta reconstructor"
  }
}