{
  "type": "reconstructor",
  "name": "peta reconstructor",
  "health": 900,
  "hasPower": true,
  "hasItem": true,
  "size": 4,
  "requirements": [
    { "item": "lead", "amount": 300 },
    { "item": "titanium", "amount": 200 },
    { "item": "adamantit", "amount": 50 },
    { "item": "thorium", "amount": 200 }
  ],
  "consumes": {
    "power": 10,
   "items": [
    {"item": "titanium", "amount": 40},
    {"item": "adamantit", "amount": 20}
   ]
  },
  "upgrades": [
    ["lokomotive t2", "lokomotive t3"]
  ],
  "constructTime": 1200,
  "category": "units",
  "research": {
    "parent": "terra reconstructor"
  }
}