{
  "type": "GenericCrafter",
  "name": "plasma mixer",
  "description": "мешает плазму из тория и титана",
  "requirements": [
    { "item": "lead", "amount": 50 },
    { "item": "graphite", "amount": 90 },
    { "item": "copper", "amount": 120 }
  ],
  "size": 2,
  "health": 180,
  "craftTime": 30,
  "craftEffect": "mine",
  "consumes": {
      "power": 1.3,
    "items": [
      {
        "item": "titanium",
        "amount": 1
      }
    ],
   "liquids": [
     { "liquid": "cryofluid", "amount": 0.05 }
   ]
  },
  "outputItem": {
    "item": "plasma",
    "amount": 2
  },
  "category": "crafting",
  "research": {
   "parent": "rocket builder"
  }
  }

    
