{
  "type": "GenericCrafter",
  "name": "rocket builder",
  "description": "Производит ракеты из свинца и взрывчатки",
  "requirements": [
    { "item": "copper", "amount": 100 },
    { "item": "lead", "amount": 150 },
    { "item": "silicon", "amount": 75 }
  ],
  "size": 2,
  "health": 200,
  "craftTime": 130,
  "craftEffect": "smoke",
  "consumes": {
      "power": 3.0,
    "items": [
      {
        "item": "lead",
        "amount": 4
      },
      {
        "item": "blast-compound",
        "amount": 1
      }
    ]
  },
  "outputItem": {
    "item": "rocket",
    "amount": 1
  },
  "category": "crafting",
  "research": {
   "parent": "silicon-smelter"
  }
  }

    
