{
  "type": "reconstructor",
  "name": "scadfeyde reconstructor",
  "health": 2700,
  "hasPower": true,
  "hasItem": true,
  "size": 6,
  "requirements": [
    { "item": "lead", "amount": 700 },
    { "item": "titanium", "amount": 500 },
    { "item": "adamantit", "amount": 400 },
    { "item": "thorium", "amount": 700 },
    { "item": "silicon", "amount": 600 }
  ],
  "consumes": {
    "power": 16,
   "items": [
    {"item": "surge-alloy", "amount": 70},
    {"item": "adamantit", "amount": 200},
    {"item": "plasma", "amount": 300}
   ]
  },
  "upgrades": [
    ["lokomotive t4", "lokomotive t5"]
  ],
  "constructTime": 4500,
  "category": "units",
  "research": {
    "parent": "mijey reconstructor"
  }
}