{
  "type": "reconstructor",
  "name": "terra reconstructor",
  "health": 600,
  "hasPower": true,
  "hasItem": true,
  "size": 3,
  "requirements": [
    { "item": "lead", "amount": 100 },
    { "item": "titanium", "amount": 50 },
    { "item": "adamantit", "amount": 10 }
  ],
  "consumes": {
    "power": 4,
   "items": [
    {"item": "lead", "amount": 15},
    {"item": "adamantit", "amount": 10}
   ]
  },
  "upgrades": [
    ["lokomotive t1", "lokomotive t2"]
  ],
  "constructTime": 500,
  "category": "units",
  "research": {
    "parent": "constructor terra"
  }
}